<?xml version="1.0" encoding="utf-8"?>
<prefix name="watchdog" label="Watchdog" language_tag="en" language_label="English">
<key name="admin_settings_heading"><value>Watchdog plugin settings</value></key>
<key name="admin_status"><value>Status</value></key>
<key name="count_spam_attempt_text"><value>Prevented spammers today</value></key>
<key name="count_spam_attempt_none"><value>none</value></key>
<key name="count_black_list"><value>IPs in database</value></key>
<key name="count_email_list"><value>Emails in database</value></key>
<key name="last_updated"><value>last updated</value></key>
<key name="database_not_updated"><value>not yet</value></key>
<key name="time_update_database"><value>Last updated on</value></key>
<key name="about_watchdog"><value>Note: Plugin takes spam IPs database from &lt;a href="http://www.stopforumspam.com/" target="_blank"&gt;www.stopforumspam.com&lt;/a&gt; and updates it once a day.</value></key>
<key name="admin_list"><value>White list</value></key>
<key name="add_ip_into_white_list"><value>Add IP into white list</value></key>
<key name="search_text"><value>Search</value></key>
<key name="search_result"><value>Search result</value></key>
<key name="ip_address"><value>IP address</value></key>
<key name="form_btn_add_white_ip"><value>Add</value></key>
<key name="empty_white_list_btn"><value>Empty white list</value></key>
<key name="white_ip_added"><value>IP added</value></key>
<key name="white_ip_exists"><value>IP is already in white list</value></key>
<key name="white_ip_not_exists"><value>IP not found</value></key>
<key name="white_ip_deleted"><value>IP address successfully deleted</value></key>
<key name="confirm_empty_white_list"><value>All data into your white list will be removed. Continue?</value></key>
<key name="white_list_clear"><value>White list has been cleared</value></key>
<key name="attemp_message"><value>Our protection system identified your session as a SPAM attempt. If this is an error, you should &lt;a href="http://www.stopforumspam.com/removal" target="_blank"&gt;contact StopForumSpam&lt;/a&gt; and ask them to remove your IP from their database.</value></key>
<key name="spammer_IP"><value>Your IP: &lt;b&gt;{$IP}&lt;/b&gt;</value></key>
<key name="invalid_ip_addr"><value>Invalid IP Address</value></key>
<key name="spam_attempt_header"><value>SPAM alert</value></key>
</prefix>